use master

drop database WebTech
create database WebTech

use WebTech
-- create statements --

create table movie (
	movie_id int NOT NULL, 
	title varchar(255) NOT NULL,
	duration int NOT NULL,
	description varchar(255),
	publication_year int,
	poster_link varchar(255),
	trailer_url varchar(255),
	PRIMARY KEY (movie_id))

create table person (
	person_id int NOT NULL,
	lastname varchar(50),
	firstname varchar(50),
	gender char(1),
	primary key (person_id))


create table movie_directors (
	movie_id int NOT NULL,
	person_id int NOT NULL,
	PRIMARY KEY (movie_id, person_id),
	FOREIGN KEY (movie_id) REFERENCES movie(movie_id),
	FOREIGN KEY (person_id) REFERENCES person(person_id))


create table movie_cast (
	movie_id int NOT NULL,
	person_id int NOT NULL,
	[role] varchar(255),
	PRIMARY KEY (movie_id, person_id, [role]),
	FOREIGN KEY (movie_id) REFERENCES movie(movie_id),
	FOREIGN KEY (person_id) REFERENCES person(person_id))


-- inserts --

INSERT INTO movie VALUES 
	(1, 'Berserk', 25, 'Set in the medieval era, Kenpuu Denki Berserk is a dark, gritty tale that follows one man''s struggle to find his own path, while supporting another''s lust for power, and the unimaginable tragedy that begins to turn the wheels of fate.',
	1997, 'berzerk.jpg', 'https://www.youtube.com/embeded/IXL5r3n862U'),
	(2, 'Bleach', 24, 'Ichigo Kurosaki is an ordinary high schooler—until his family is attacked by a Hollow, a corrupt spirit that seeks to devour human souls.',
	2004, 'Bleach.jpg', 'https://www.youtube.com/embeded/oZ67d9XSjFs'),
	(3, 'Code Geass', 24, 'In the year 2010, the Holy Empire of Britannia is establishing itself as a dominant military nation, starting with the conquest of Japan.',
	2006, 'code-geass.jpg', 'https://www.youtube.com/embeded/O9Rdqm_74C0'),
	(4, 'Cowboy Bebop', 24, 'In the year 2071, humanity has colonized several of the planets and moons of the solar system leaving the now uninhabitable surface of planet Earth behind.',
	1998, 'cowboy-bebop.jpg', 'https://www.youtube.com/embeded/LnbKF_uosrA'),
	(5, 'Evangelion', 24, 'In the year 2015, the world stands on the brink of destruction.',
	1995, 'Evengelion.jpg', 'https://www.youtube.com/embeded/LZKB-6R_D2Q'),
	(6, 'Dragon Ball Z', 24, 'Five years after winning the World Martial Arts tournament, Gokuu is now living a peaceful life with his wife and son.',
	1989, 'dragon-ball.jpg', 'https://www.youtube.com/embeded/aOPJ6y3HWII'),
	(7, 'Your Name', 106, 'Mitsuha Miyamizu, a high school girl, yearns to live the life of a boy in the bustling city of Tokyo—a dream that stands in stark contrast to her present life in the countryside.',
	2016, 'your-name.jpg', 'https://www.youtube.com/embeded/s0wTdCQoc2k'),
	(8, 'Fullmetal Alchemist', 24, 'Edward Elric, a young, brilliant alchemist, has lost much in his twelve-year life.',
	2003, 'FMA.jpg', 'https://www.youtube.com/embeded/2Dsa8j_usqI'),
	(9, 'Ghost in the Shell', 107, 'In the near future, Major is the first of her kind: A human saved from a terrible crash, who is cyber-enhanced to be a perfect soldier devoted to stopping the world''s most dangerous criminals.',
	2017, 'Ghost-shell.jpg', 'https://www.youtube.com/embeded/G4VmJcZR0Yg'),
	(10, 'Gundam', 25, 'It is year 0079 of the Universal Century. Mankind has moved to space, living in colony clusters known as "Sides".',
	1979, 'Gundam.jpg', 'https://www.youtube.com/embeded/ecrypvIG9-8'),
	(11, 'Kuroko no Basket', 24, 'Teikou Junior High School''s basketball team is crowned champion three years in a row thanks to five outstanding players who, with their breathtaking and unique skills, leave opponents in despair and fans in admiration.',
	2012, 'Kuruko_no_basket.png', 'https://www.youtube.com/embeded/nb7e5_4CGag'),
	(12, 'Love Live!', 23, 'Otonokizaka High School is in a crisis! With the number of enrolling students dropping lower and lower every year, the school is set to shut down after its current first years graduate.',
	2013, 'love-live.jpg', 'https://www.youtube.com/embeded/n2DCjjUwyaY'),
	(13, 'Gurren Lagann', 24, 'Simon and Kamina were born and raised in a deep, underground village, hidden from the fabled surface.',
	2007, 'lurren-gagann.jpg', 'https://www.youtube.com/embeded/qZMfouM2sH4'),
	(14, '5 Centimeters Per Second', 22, 'Takaki Toono and Akari Shinohara, two very close friends and classmates, are torn apart when Akari''s family is transferred to another region of Japan due to her family''s job.',
	2007, 'meter-per-second.jpg', 'https://www.youtube.com/embeded/wdM7athAem0'),
	(15, 'Naruto', 23, 'Moments prior to Naruto Uzumaki''s birth, a huge demon known as the Kyuubi, the Nine-Tailed Fox, attacked Konohagakure, the Hidden Leaf Village, and wreaked havoc.',
	2002, 'Naruto.jpg', 'https://www.youtube.com/embeded/j2hiC9BmJlQ'),
	(16, 'No Game No Life', 23, 'No Game No Life is a surreal comedy that follows Sora and Shiro, shut-in NEET siblings and the online gamer duo behind the legendary username "Blank".',
	2014, 'no-game-no-life.jpg', 'https://www.youtube.com/embeded/6p9Qoj8yVyw'),
	(17, 'One Piece', 24, 'Gol D. Roger was known as the "Pirate King," the strongest and most infamous being to have sailed the Grand Line.',
	1999, 'one-piece.jpg', 'https://www.youtube.com/embeded/C8GkS7EjIzw'),
	(18, 'Pokémon', 24, 'Pokemon are peculiar creatures with a vast array of different abilities and appearances.',
	1997, 'Pokemon.jpg', 'https://www.youtube.com/embeded/cgc81i06qwY'),
	(19, 'Sailor Moon', 24, 'Tsukino Usagi is a 14-year-old girl in junior high. She''s ditzy, whiny, and a crybaby. She often flunks her tests, and she is always scolded by her family.',
	1992, 'sailor-moon.jpg', 'https://www.youtube.com/embeded/-_vc6IfrZGQ'),
	(20, 'Sword Art Online', 23, 'In the year 2022, virtual reality has progressed by leaps and bounds, and a massive online role-playing game called Sword Art Online (SAO) is launched.',
	2012, 'Sao.jpg', 'https://www.youtube.com/embeded/ALCLCvNJ7iY'),
	(21, 'Violet Evergarden', 23, 'There are words Violet heard on the battlefield, which she cannot forget. These words were given to her by someone she holds dear, more than anyone else. She does not yet know their meaning.',
	2018, 'violet-evergarden.jpg', 'https://www.youtube.com/embeded/m-9JWmzWxKk'),
	(22, 'Devilman Crybaby', 25, 'Akira Fudo is informed by his best friend Ryou Asuka that the demons will revive and reclaim the world from the humans.',
	2018, 'devilman-crybaby.jpg', 'https://www.youtube.com/embeded/ww06yGPM7Kc'),
	(23, 'ReLIFE', 23, 'Dismissed as a hopeless loser by those around him, 27-year-old Arata Kaizaki bounces around from one job to another after quitting his first company.',
	2016, 'ReLife.jpg', 'https://www.youtube.com/embeded/uM6otciSmls'),
	(24, 'Mob Psycho 100', 24, 'Eighth-grader Shigeo "Mob" Kageyama has tapped into his inner wellspring of psychic prowess at a young age. But the power quickly proves to be a liability when he realizes the potential danger in his skills.',
	2016, 'mob-psycho-100.jpg', 'https://www.youtube.com/embeded/MuZmoTuN5UA'),
	(25, 'Soul Eater NOT!', 23, 'Soul Eater NOT! is a spin-off and side story that takes place one year prior to the events of the original Soul Eater.',
	2014, 'soul-eater-not.jpg', 'https://www.youtube.com/embeded/_PxWEngWHRM'),
	(26, 'Blade & Soul', 24, 'Alka is an assassin for the Clan of the Sword. She''s on a journey to find the woman Jin Valel, who killed her master Hon without feeling—not unlike how Alka has learned to kill in her work as an assassin.',
	2014, 'blade-and-soul.jpg', 'https://www.youtube.com/embeded/lY5BjzKT8Lw'),
	(27, 'Amnesia', 23, 'After fainting at work, a young lady awakens in the back room of the café she works at with no memory of her life or those around her. Two of her friends, whom she soon learns are named Shin and Toma, are called to help her get home safely.',
	2013, 'amnesia.jpg', 'https://www.youtube.com/embeded/cZHxyyTQhU0'),
	(28, 'Claymore', 23, 'When a shapeshifting demon with a thirst for human flesh, known as "youma," arrives in Raki''s village, a lone woman with silver eyes walks into town with only a sword upon her back.',
	2007, 'claymore.jpg', 'https://www.youtube.com/embeded/3_9ZUV8BnDM'),
	(29, 'Kaze no Stigma', 24, 'Kazuma Yagami is a user of "Fuujutsu," the ability to control the wind. He returns to his old home, the noble Kannagi household, after being banished four years ago for his inability to control fire.',
	2007, 'kaze-no-stigma.jpg', 'https://www.youtube.com/embeded/rURt0l_QCz8'),
	(30, 'Lovely Complex', 24, 'Love is unusual for Koizumi Risa and Ootani Atsushi, who are both striving to find their ideal partner in high school—172 cm tall Koizumi is much taller than the average girl, and Ootani is much shorter than the average guy at 156 cm.',
	2007, 'lovely-complex.jpg', 'https://www.youtube.com/embeded/AhUnxTsHFCU')


INSERT INTO person VALUES 
	(1,		'Hakusensha',	'',				'M'),
	(101,	'Canna',		'Nobutoshi',	'M'),
	(102,	'Morikawa',		'Toshiyuki',	'M'),
	(2,		'Abe',			'Noriyuki',		'M'),
	(103,	'Matsuoka',		'Yuki',			'F'),
	(104,	'Orikasa',		'Fumiko',		'F'),
	(3,		'Maseba',		'Yutaka',		'M'),
	(105,	'Fukuyama',		'Jun',			'M'),
	(106,	'Yukana',		'',				'F'),
	(4,		'Minami',		'Masahiko',		'M'),
	(107,	'Yamadera',		'Kouichi',		'M'),
	(108,	'Tada',			'Aoi',			'F'),
	(5,		'Anno',			'Hideaki',		'M'),
	(109,	'Miyamura',		'Yuko',			'F'),
	(110,	'Hayashibara',	'Megumi',		'F'),
	(6,		'Seki',			'Hiromi',		'M'),
	(111,	'Nozawa',		'Masako',		'F'),
	(112,	'Horikawa',		'Ryo',			'M'),
	(7,		'Kawamura',		'Genki',		'M'),
	(113,	'Kamishiraishi','Mone',			'F'),
	(114,	'Kamiki',		'Ryunosuke',	'M'),
	(8,		'Cook',			'Justin',		'M'),
	(115,	'Park',			'Romi',			'F'),
	(116,	'Kugimiya',		'Rie',			'F'),
	(9,		'Sanders',		'Rupert',		'M'),
	(117,	'Johansson',	'Scarlett',		'F'),
	(118,	'Asbek',		'Pilou',		'F'),
	(10,	'Yatate',		'Hajime',		'M'),
	(119,	'Ikeda',		'Shuuichi',		'M'),
	(120,	'Furuya',		'Toru',			'F'),
	(11,	'Kuroki',		'Rui',			'M'),
	(121,	'Ono',			'Kensho',		'M'),
	(122,	'Ono',			'Yuuki',		'M'),
	(12,	'Kyogoku',		'Takahiko',		'M'),
	(123,	'Pile',			'',				'F'),
	(124,	'Tokui',		'Sora',			'F'),
	(13,	'Kamagata',		'Eiichi',		'M'),
	(125,	'Konishi',		'Katsuyuki',	'M'),
	(126,	'Sugou',		'Takayuki',		'F'),
	(14,	'Chung',		'Jin Ho',		'M'),
	(127,	'Mizuhashi',	'Kenji',		'M'),
	(128,	'Hanamura',		'Satomi',		'M'),
	(15,	'Kobayashi',	'Noriko',		'F'),
	(129,	'Takeuchi',		'Junko',		'F'),
	(130,	'Inoue',		'Kazuhiko',		'M'),
	(16,	'Ishizuka',		'Atsuko',		'F'),
	(131,	'Matsuoka',		'Yoshitsugu',	'F'),
	(132,	'Kayano',		'Ai',			'F'),
	(17,	'Cook',			'Justin',		'M'),
	(133,	'Tanaka',		'Mayumi',		'F'),
	(134,	'Nakai',		'Kayuza',		'M'),
	(18,	'Yuyama',		'Kunihiko',		'M'),
	(135,	'Ootani',		'Ikue',			'F'),
	(136,	'Matsumoto',	'Rica',			'F'),
	(19,	'Satou',		'Junichi',		'M'),
	(137,	'Mitsuishi',	'Kotono',		'F'),
	(138,	'Fukami',		'Rica',			'F'),
	(20,	'Iwakami',		'Atsuhiro',		'M'),
	(139,	'Matsuoka',		'Yoshitsugu',	'M'),
	(140,	'Tomatsu',		'Haruka',		'F'),
	(21,	'Ishidate',		'Tachi',		'M'),
	(141,	'Ishikawa',		'Yui',			'M'),
	(142,	'Uchiyama',		'Kouki',		'F'),
	(22,	'Yuasa',		'Masaki',		'M'),
	(143,	'Uchiyama',		'Kouki',		'F'),
	(144,	'Murase',		'Ayumu',		'M'),
	(23,	'Kosaka',		'Satoru',		'M'),
	(145,	'Kayana',		'Ai',			'F'),
	(146,	'Ono',			'Kensho',		'M'),
	(24,	'Tachikawa',	'Yuzuru',		'M'),
	(147,	'Sakurai',		'Takahiro',		'F'),
	(148,	'Itou',			'Setsuo',		'F'),
	(25,	'Hashimoto',	'Masakazu',		'M'),
	(149,	'Yuuki',		'Aoi',			'M'),
	(150,	'Chisuga',		'Haruka',		'F'),
	(26,	'Hamasaki',		'Hiroshi',		'M'),
	(151,	'Takaou',		'Yuki',			'F'),
	(152,	'Yuuki',		'Aoi',			'F'),
	(27,	'Sugawara',		'Seiki',		'M'),
	(153,	'Miyata',		'Kouki',		'M'),
	(154,	'Kakihara',		'Tetsuya',		'M'),
	(28,	'Cook',			'Justin',		'M'),
	(155,	'Kuwashima',	'Houko',		'M'),
	(156,	'Takagi',		'Motoki',		'M'),
	(29,	'Cook',			'Justin',		'M'),
	(157,	'Watanabe',		'Akeno',		'M'),
	(158,	'Fujimura',		'Ayumi',		'M'),
	(30,	'Seki',			'Hiromo',		'M'),
	(159,	'Okamura',		'Akemi',		'M'),
	(160,	'Nagata',		'Akira',		'M')


INSERT INTO	movie_directors VALUES
	(1, 1),
	(2, 2),
	(3, 3),
	(4, 4),
	(5, 5),
	(6, 6),
	(7, 7),
	(8, 8),
	(9, 9),
	(10, 10),
	(11, 11),
	(12, 12),
	(13, 13),
	(14, 14),
	(15, 15),
	(16, 16),
	(17, 17),
	(18, 18),
	(19, 19),
	(20, 20),
	(21, 21),
	(22, 22),
	(23, 23),
	(24, 24),
	(25, 25),
	(26, 26),
	(27, 27),
	(28, 28),
	(29, 29),
	(30, 30) 


INSERT INTO	movie_cast VALUES
	(1, 101, 'Protagonist'),
	(1, 102, 'Antagonist'),
	(2, 103, 'Protagonist'),
	(2, 104, 'Antagonist'),
	(3, 105, 'Protagonist'),
	(3, 106, 'Antagonist'),
	(4, 107, 'Protagonist'),
	(4, 108, 'Antagonist'),
	(5, 109, 'Protagonist'),
	(5, 110, 'Antagonist'),
	(6, 111, 'Protagonist'),
	(6, 112, 'Antagonist'),
	(7, 113, 'Protagonist'),
	(7, 114, 'Antagonist'),
	(8, 115, 'Protagonist'),
	(8, 116, 'Antagonist'),
	(9, 117, 'Protagonist'),
	(9, 118, 'Antagonist'),
	(10, 119, 'Protagonist'),
	(10, 120, 'Antagonist'),
	(11, 121, 'Protagonist'),
	(11, 122, 'Antagonist'),
	(12, 123, 'Protagonist'),
	(12, 124, 'Antagonist'),
	(13, 125, 'Protagonist'),
	(13, 126, 'Antagonist'),
	(14, 127, 'Protagonist'),
	(14, 128, 'Antagonist'),
	(15, 129, 'Protagonist'),
	(15, 130, 'Antagonist'),
	(16, 131, 'Protagonist'),
	(16, 132, 'Antagonist'),
	(17, 133, 'Protagonist'),
	(17, 134, 'Antagonist'),
	(18, 135, 'Protagonist'),
	(18, 136, 'Antagonist'),
	(19, 137, 'Protagonist'),
	(19, 138, 'Antagonist'),
	(20, 139, 'Protagonist'),
	(20, 140, 'Antagonist'),
	(21, 141, 'Protagonist'),
	(21, 142, 'Antagonist'),
	(22, 143, 'Protagonist'),
	(22, 144, 'Antagonist'),
	(23, 145, 'Protagonist'),
	(23, 146, 'Antagonist'),
	(24, 147, 'Protagonist'),
	(24, 148, 'Antagonist'),
	(25, 149, 'Protagonist'),
	(25, 150, 'Antagonist'),
	(26, 151, 'Protagonist'),
	(26, 152, 'Antagonist'),
	(27, 153, 'Protagonist'),
	(27, 154, 'Antagonist'),
	(28, 155, 'Protagonist'),
	(28, 156, 'Antagonist'),
	(29, 157, 'Protagonist'),
	(29, 158, 'Antagonist'),
	(30, 159, 'Protagonist'),
	(30, 160, 'Antagonist')


	SELECT trailer_url FROM movie;